clientName,phoneNumber,username,password
Иванова Лариса Викторовна,+7(982)980-81-30,ivanovalar,e90901a8e9ab0aaad99cbf489540e331dcfe97e6f9fd7d4679270d4681d659f44cca2aae1e796c3704b29680cf73e841db73aac51d845766d66f1b35975a5369
Richmond Алевтина Геннадьевна,+7(909)452-64-59,richmondалевтина,e2ac8d8452a6660dd6c6d4a0ca8c8ed118015a1c9d20acb46357eea7d00336cb4dcfb6f32f225dd13dff4be5b47732079f9922a1d21bc9e4cb80660472cc4526
Пахомова Раиса Станиславовна,+44 71 9703 9441,пахомовараисаста,3ed05fdcd8cfdc8b88659db0fd18030466f1deb72ac9d7f7d1de8984db73f2f7446ec08ffec5ef57b4f7fb2ad7bb08fb5d592fbcb93599bb2600ccfac1c43d4e
Тамара Болеславовна Сазонова,+44 47 2195 7784,тамараболеславов,cc47ad8fd03339695052379182654cb97b001c362577f864f0f7c44b42896f24b4eb993b73c9eede4c7ecee039282f4b9ddb1fb9d34e2e912ef78d6c9019f42b
Воронова Иванна Артемовна,+7(950)149-18-73,вороноваиваннаар,c69039a50e7bbd7cbb93b2d3074c086b7ee48e5e5df76f244face7239d34562a82ca94ffd7cb15615242bddad87fe35e2318a8fe9e885153f5b2ff5d711933a3
Аксенова Эмилия Игоревна,+7(916)437-41-94,аксеноваэмилияиг,dfe56a13303e1019e3e095026f76b1f857a0312fda25c6861b4a73088522facc8d228618a14784ae23a149373572875b908c749b083e12e746289ba54f7ed67a
Силина Amy Валериевна,+7(947)378-28-94,силинаamyвалерие,b777cec3b94a315ba5c87ad746a69d96c6ac16ea430b9d7fc79449cf9448a851f81a7483fd37b9f1e6e9289c5a58bb2d54f233baa62c6a01e1f4a2bc1e9543df
Селезнева Нинель Кирилловна,+7(960)850-80-26,селезневанинельк,647642d9a94a3fac294af27dab33ccc7c0e31b71c3b3820ea96706c5e9373b9d482b1c34d0751bc0ca1d2c94ee5db0b6462673d1e5ca2078a15283863f41d0ad
Sara Fernandez,+44 24 8724 2642,sarafernandez,a674711ac5b3fef5c214bfd3ea0e4234a6a076c883697ff8b0fe3402c4a036ee6e9e55d1254d91ed625d6c3baa98de94ddce551c1892764f2d36a61a142bcf90
Ray Shannon Борисовна,+7(935)694-78-97,rayshannonборисо,90f26430ca668aec8e24205f47b0fc99f83883d36c87522bb990c8e5a7658ab92b9e3fef31c656428d0b3493bc991a1cb03e53f91602a06c5e48bcf516bc4b4d
Bennett Милица Валериевна,+7(987)282-53-51,bennettмилицавал,3064142268acd5db641710fe0546255544c021ba15da42aa76fcfd63d9ed1085bb992c65be7949b64d918fd6b217bdf925ea19c4d531d8e8b0bfa35ff333d281
Лихачева Mary Владимировна,+7(943)395-78-60,лихачеваmaryвлад,26fe1bc6386b437f13ba9739c060e2623361c55d8be26d1a4b52ffd32ebaa2ee6413deab6b2cbecf4e66bfcdf7623b92935196c150c7ed2cf915541466856f00
Dustin Johnson,+44 33 2283 4500,dustinjohnson,a2405b511489b796c2ce3b182e9c066e7ab7d72c050b8cc4660566c0ae6f84636509c0bd75c055ac118c3dcef8d403446a9ea95a3f7b4e91865ea96b92c65168
Остап Брониславович Потапов,+44 28 8011 4090,остапброниславов,960741e003081896c953f5df400aff1f4371f04ea8dbcb9c2ff6bcdca8dfb66f1fedf64fdc8b800727b04e54f1049efaa7235ac14a53ec2fbbd4b9a782b4cdb1
Василиса Геннадиевна Кулагина,+44 39 1411 6354,василисагеннадие,4b0e328c8d8d962c8fbefea11c609921e776a92207f36cebf5004f98164d3c973846e70675bfe8c4d8330f29502fb5616cfb8a07ede54a347735decc1a7dc0da
Bowman Агафья Альбертовна,+7(983)496-72-97,bowmanагафьяальб,149f8c788e6d270c923c4975108934834b319e2647d28fa32114f1f7ab69579649038178759aa497e1c62dd6c6c5f63b17952ccb124f55cd3b0396deb5f03c66
Ward Michelle Рубеновна,+7(988)740-15-60,wardmichelleрубе,f725558789219bb38cc02f35424adeb313ed71e0e60de40f6b9d9eddb23eec031b48669a381aeea78839130a033f519d4d1142bfb0948aa66047fa31cd7b0f5d
Беспалова Оксана Дмитриевна,+44 67 8114 1998,беспаловаоксанад,bd15a5b655e48847a87344dc4feace0fb4c6fe9ef2550e73915a2ca1c741c8de0930ba4a482f28ca94e443e1ca6a2a96f970586a272c92b7966d6f1ef6d1b828
Панова Раиса Владиславовна,+7(932)168-25-60,пановараисавлади,e09effcc5d35f26a683bb030d0ad93c48eea58af10def2e0024f36d165603a8ac2dba5c7dc3b5eb84c755fca47dc345260f6a68bd55d490d6451883277b6d4e4
Derrick Miller,+44 69 3880 8076,derrickmiller,6ee4b2a850c5138e6bc9f9c676e6795760b2cd2ba0fa46c66e60a37a5b5f966ff81a53abc0339ee1c64f270f40be58ca9e0be138d38744d9a4b963be14f81efd
Castaneda Rachel Яковлевна,+7(903)984-66-88,castanedarachelя,d511ae9100f2d6fcbf7e9e548c6d3b8772d4b1622ee774a599576ad33c28c8419395f773853fce8aee80f9091076a8706e6623fdd15670e2439bb704776375d0
Martin Theresa Евгеньевна,+7(919)930-40-36,martintheresaевг,1d80713c9248e648fcc61703a7e47eab1ce2d61d3fb31a998142b4d7e74b2a674dffd11d0f8c7a0b407b29e2995d348b897e175813438aa130551f552f9db5f7
Juan Adkins,+44 67 2864 1357,juanadkins,2f10b74157af48f2a00eb2e492a84e5b9c3537439cf4bc56ce875c93f57fd4eaf3868f769509731c007a0821f6fc72914a2dbd8fb57d7bd8567c13962b93f812
Daniels Catherine Вадимовна,+7(964)717-39-70,danielscatherine,298015495c1b4075d40b825a172647653641d1ead8d873032da38625cb1b3cc1385503d883a52b95d4e2e608d9abad76d7267aa9d48fd1080cfbe6aa76da7b21
Freeman Ульяна Эльдаровна,+7(935)418-22-33,freemanульянаэль,29ddcf33765f96cac719b125ab2cb9095c5affafadc71879095ccee54dc33d61eac854fd6d4c83c818ddeeeb7b63cf0cebf7b60c6b4710b5197088c0f211a0ac
Шубина Евгения Кузьминична,+7(943)744-63-48,шубинаевгениякуз,0ed63ec5fe86ce9b02175f25754d17dabf6e366159ca2579ef376c18fbd15da1e20d152a2d224b0db56f043e9b2cf1f567fe64092bbea503f6fbc4b19c0aba75
Watson Мария Афанасьевна,+7(907)295-72-95,watsonмарияафана,1ea7a3d0ed8e773e84301d7066b31f047546669f51580977e2ae9acc14bee5407b9d742be1dbd4e8c6a8f50fce071f9e314c7b59fe34a2782f221ba0f2a0a471
Евдокимова Пелагея Вениаминовна,+7(928)574-41-81,евдокимовапелаге,ad581df4b5d465b070131ca59ba2b9c90c67947dee636f96ff9ad7eace0b9b0a45b824beb4b8264c8cf9b590b3c540df76430e4e5c4950764cb3ed5721990d51
Носова Ульяна Кузьминична,+44 39 3889 1953,носоваульянакузь,e0d48f37b3741e05ba3e13ff88cdcdbb4f69d80efa9ca3cc434509ca5002529f454aa235cfc9176264a27b7f98c8e9d9483aaf90ce7f9b9a5ed89b6e65e09b9d
Богданова Diana Эдуардовна,+7(901)736-41-58,богдановаdianaэд,e0a3e5dcfce6d290e2d9ccef08bb6f284b77ba17339b3abd26e8796b5d7b01ca16f2f0cd3cf4357893f3bb0c5c4f55c92ca74e223033744c0cec496bbd847d44
Шашкова Catherine Вадимовна,+7(953)579-81-32,шашковаcatherine,b4dd741f565ab3e92d255d4508396875be65dd1aa5e162fdc154d9300500fae5dde4ea333c10c0d2d4ff19d9f24b98268fb0076a67f30ec127fa8a6c368a22d3
Ковалева Анна Кузьминична,+7(946)930-89-59,ковалевааннакузь,2d47dbcd6a5df7db8ad62beeb7008c76515a283490ebdb0061db809ce5a869ffd872210b16bdad6acf114270d6fa4d457b2d26d672f9b16608cf203fd7b1c9d2
Mcmahon Lisa Алексеевна,+7(952)323-18-53,mcmahonlisaалекс,2303dde3a8ff6041d5ff5cc22acda09d19ff49f10851af2a6f262daa1149a7abdcc024c65ca7223e1a2dc302139fab75ebda49537248ec53e06c7093457a3993
Лаврентьева Татьяна Михайловна,+7(952)308-28-87,лаврентьевататья,2dd6ebfdc0e1ef24e73b31c839d92e23b17df17e0c231c74b89c803ea97d6c61681da49fca8a8b9303d435a713f699231528b9c1bb799d8691fe78403173a53d
Christopher Hines,+44 37 7907 4856,christopherhines,9f9d0bca6fbc4e94af1e9f4de5f2875f7569ca7414d30785f72f73f7988a9b997fd16989f5d8918c2058a91068715454ee30eedc20d248fbda942fa02ae65784
Williams Евгения Игоревна,+7(944)564-45-63,williamsевгенияи,db9b2e9c8c80d71e193362bf41bf9de3e878a3f07516821a32871a005d22fa54a26a0458b64ec16ba7295b96c50a6357e3a15fa182ebefdf2e706e6bdaab869f
Allison David,+44 28 3906 7045,allisondavid,7d749815973511c7394203b1fb0d0a00e1741d3e16b1af1dcb91e4e4896182c92865f44f8de8ae833f010c03cd3628e0476d8056c5ced404f977a0b41d6df08d
Jamie Roberts,+44 68 6363 9856,jamieroberts,ad96e68d111f373b32952597771d456c9c59065c615a6df6321e27b392b9349f842ecdc0ca80c5855d20a969cd7c0d8b36a260f516b75b3fb50e2c42219142f0
Larsen Ruth Эдуардовна,+7(961)647-29-39,larsenruthэдуард,883a8cd291a6e92196a129cdc259dda3b0c6ad972bc6ca1eadd53d3f54ec9be87ee952753a3c530897e509b4201e18dcc645e8ec55f977f90040671908190c0b
Исакова Алла Оскаровна,+7(938)109-74-92,исаковааллаоскар,25f71144b0e65023af2894e2117a99451f4fbe2dbb84c0627ff224e05b4aed0ae2f3dd7d7731386f09958975823d3a0117acbcb035346e642cef8733d9586e62
Tina Jones,+44 30 4548 4591,tinajones,8226f2569a128531b1cad80bc2bc4a599b7f232164faf3d9ba79f33e69c802d321649d6f0521af9fe90151df5f15d8dade6b440b614a98916f775408d244afa8
Anderson Октябрина Романовна,+7(941)390-65-25,andersonоктябрин,3ca4c47f9cc4b74984a82c6149413b5a1a43efce01283cc4572c73a1822fd1576ef44d7d02bac62e8d389f99be66f6d9e0268cf939b88405fec1d600e7150a48
Ларионова Michelle Сергеевна,+7(979)450-85-26,ларионоваmichell,da8007ef81c2388f6309d4a660de484388c68d7a1f660fb214336a4992a639e9eaa6f3f77e6228c42a143aabcff07abefca782f4e2723e07e32578c6f5051fac
Бирюкова Madison Ефимовна,+7(938)345-56-96,бирюковаmadisonе,280a5d3714b7b90889dc5a98f72bc1c1cde22be61395fcd31572dca87eaf21e5b5f771bd160ef0ccd8b29cdba74a4c97d991e604a96adec04217f83b1b036299
Howard Laura Павловна,+7(958)106-46-69,howardlauraпавло,a46f33b0d8f2258c51881305dd9eeeb5186afab793c6afabe93955fd08902eb9d0d61aaab9927bf6fa11c3b396401e9cc968bb0e98707ff4fb79693073db0525
Матвеева Нонна Владимировна,+7(943)681-24-37,матвееваноннавла,c090c02d1a0d7d5f5f6cd749c35e363261cd46e11100132b53e0f22a1d58612edd4ff5a7e815b2d35d1d4856782dab22df851a3d5de07c7d71723059f9433689
Johnson Kayla Наумовна,+7(932)215-58-95,johnsonkaylaнаум,f028d4937faad81acf5b7a4e0f4100896a56c7b06289289a788394f45370b615de64e4fc22748593c1cb4fc43cee08648890de2e39f3067a37ea2949c0ea1ab6
Муравьева Jenna Павловна,+7(949)587-86-35,муравьеваjennaпа,e8a589f510af7c4b2a6fab44be323380e0cfde4d82d74ae567beb9d1fd7015b4220db9334b9cd48ea0eb52307d5960b5f6481ffaac7d1a668c6871365dc8b9ad
Bartlett Margaret Аскольдовна,+7(963)702-67-76,bartlettmargaret,02779f2517b91827f4749446dda9461d6f25464b7dfd2f93232641501ccdfae3cedb17588953eaa07e8e751989548a1bd2c3263ce42cca3bdd28ba529f9724a8
Корнилова Melissa Геннадьевна,+7(906)567-63-56,корниловаmelissa,914d7186c60912131660b7d04ad147fa69c0f30c4dfd11ae43704c4d22a994747a0d7103a6d8133ba6ec5edaff8d5dd446bcf5c8565f111d133f4b97447c7d2b
Beasley Регина Романовна,+7(942)393-88-18,beasleyрегинаром,a857c8bee23910fd7d430fd5ad39d448cd08a4eac71d4c5fc4b989eea1ec5268b8dc59487e9622dde7ac5fedcdf7cd79734f7199fd6a2a46075b3769ec39f934
Журавлева Регина Эльдаровна,+7(906)539-21-51,журавлеварегинаэ,cc620cce1a617c0f6706bdb4b5c53bb67a0e51c478ed9dbd77e59db45bd6795779b39789892fb29afbfcd68c7095eeec82e7bf2821f3cc6d9cdfb166fa1df019
Якушева Kristin Харитоновна,+7(962)335-67-37,якушеваkristinха,1bf9a754de0630f2c9c57ac21085416dcb7d258aa0bc369268e6a9a727c71a632f93de8665f984a7751468aa94f812c34091a01f77a5cc3d3bcb0215fe89ee79
Bennett Jill Даниловна,+7(945)642-77-77,bennettjillданил,c72b3571023df8c4c99fe70d05c36c516bf217a8d4538dd9f79605a9422bbe85f956f2eb7f1231e94323b6ee712aae0850c53793c4fb9c4ba87ff380478fe5e3
Munoz Heather Дмитриевна,+7(901)684-64-66,munozheatherдмит,fe2c816a435b203a53dc17773b7def5dc1e9a9f54a97aad064aa2ddb8062e2f74162c90187d3ceb463035ca6336b7a7d977154f14a033370c31a3082041d424b
Зоя Болеславовна Никифорова,+44 57 3971 6733,зояболеславовнан,bae1deb87aec98630cc027ce68283dd7699b0c4e5126f702a4f039b2145688c06dfab5d7bae3218b641b45c59f577532dce97bc65f04943199984941a5ec3a9c
Зыков Симон Денисович,+44 49 7820 4845,зыковсимонденисо,f52f9f2a5330b51adf6f4aaa3a42a7991d5090ae0a9dea81b0ebb97570c33a4e7ad5b23519eff8d0cdcaf17ba1ba537f93178bc74f8df994246125168723ff73
Hensley Ксения Валериевна,+7(970)179-97-87,hensleyксениявал,58822ecab2a462d75f13bfb558af914345f4c7662feb380a4ecaa71237b4ccc23014b3324b0fe37a2f2c35a1f6ee34bc210be885e17ae29836b8981419aa8aa4
Харитонова Агафья Мироновна,+7(961)944-97-71,харитоноваагафья,237ab18592709feb7ed70fee7c50389e3ced7704774bf1ab891a1a7d5db5f88c8574ed69f90ff1e2bbd3a720dfdd0e0c385100007a86b869498734866b10e175
Матвеева Надежда Эдуардовна,+7(960)526-62-66,матвееванадеждаэ,50470ed6fca486aaa9d890dc68b590fcaf1704f7e17970483bb5c281e35efe30606b39f2470ba93420172850195610b2a68d1fb75b1289095b598d3860c917e1
Смирнова Анжелика Юрьевна,+7(971)820-20-59,смирноваанжелика,18bee37f877cba03335729e64a977101458a5bd2e0dc641bd527a2f04301b57dfd597fbf820458e46290234401823610e21b569fa28988d6ce412fe531274c95
Исаева Kayla Тимофеевна,+7(953)666-79-91,исаеваkaylaтимоф,bc5ca62745a2cc810f353bf349f05b645f4b38327cc77b9a2e674562b9fec3cf429d84a89c6035e5369584689568b7018d979784014e7828e8286e190bd0d8c6
Sutton Ксения Руслановна,+7(939)251-62-59,suttonксениярусл,cacfc0c65e47b702b3b7a888476aade9ba52e0550b6174badc13bc98bab0c59b2007afe48dcae58fbe43b2c7d24df19840c59b5a833e89e784126ff76ef78ffd
Smith Maria Ждановна,+7(962)676-28-36,smithmariaжданов,2413e51bb37636255a0df24301446409d0040a3b19eea6520fdd7fc7baee78974182e165132c3eb5410063051ac696ffb48995ae74de561fe368d265f7ed496c
Гурьева Ирина Владимировна,+7(994)794-28-71,гурьеваиринавлад,2b7069b43212a99e02786242d6b3adf461b388f79f5ce2c2a74e5900816d65db67975e600b2a0b6fa733a452ca86500dab675a76e686bd32e7c434ce81391a9f
Hernandez Майя Ниловна,+7(919)933-86-79,hernandezмайянил,c50e9c6d5f66fe6875609f2ef5a947c39282841e73c81d81341f6bd3c73514afaa0841d1a1c4288bf87df9b15da0cfa831c55c9079ed0aefbf33784dd01ffd19
Нонна Вячеславовна Михайлова,+44 23 8976 5534,ноннавячеславовн,7f3af2d4e18c09b3d9e9c0d8a452edd7ea135a7590d0eb7f4a7e6cea7bc4adfb41c80a55fc7c54d63d2c2cc85697bef1112b08d05e9194aecc19d103ec0e4f5c
Яковлева Patricia Наумовна,+7(952)809-72-58,яковлеваpatricia,26bf843cb34b60510a986f6b35a56db0468dda57ce49348f94a2f6eef2e0b8dba627fe5afadb831e43d12c525a254880219d23d3ea669267e885030ec175cd60
Oliver Лукия Леоновна,+7(953)193-48-87,oliverлукиялеоно,eb1d047682061a79baa3d7653e1ac15587e77e4c3bb3f015fdbb840cf0dfbc57d191caaccbe42ef7b3b25ab50f84d87517c1a0a3230db8198e8f992236ceb4f5
Mora Пелагея Юрьевна,+7(985)389-93-54,moraпелагеяюрьев,f4b88d976dc0ee58cac0175fbb7d4cbaaccedfded6f94d71cd59b39ddc43fc844b4343be251c9973f5c686672406b031a9893910ae7be753ec7adc07bbe7d1f2
Николаева Наталья Константиновна,+7(972)200-82-60,николаеванаталья,49bf3140b7e68ba0183f0d0734cff875bfeb329c8fe8c4fc9778b098be90cfcd4ec285f96e81e04ef1271e4dbe1246b0ba45a088fb4baa35dfab175acb8fdfeb
Анисимова Sarah Владимировна,+7(967)980-87-17,анисимоваsarahвл,9467d9e0b9a18fdf5580b53859d421052095c2ba88c86734625e92e5980a42f29f8cd757a26b4ae1341239916473095a298f94d4c6142b171baa0b0feb97e096
Reese Антонина Андреевна,+7(909)164-58-15,reeseантонинаанд,aa157758d152f51b0e4aaf4bae887e58677d9f13b145f3c9f85996739801104e2b36f1d09590548e38724e9315ec0747f3531b180b35a052901b9874bfe88306
Архипова Sarah Николаевна,+7(923)727-29-46,архиповаsarahник,5af3741e1caf4239c4e80a046ca6a050f4b2de49b520ca36abaeac86c46f46a88af1e94c2e625cf1c79f64482ff021a0ed32234ee6954318dac44400bf311cb8
James Nunez,+44 45 2277 9111,jamesnunez,2c288b541348cc9c995b64d62de6533b32fd54d1a0c90b10073f5ffc5ca9fa1d20bf923965931a2a81b968876953efc2b2bfe4411ffea9fcaf507e85f5370580
Martin Татьяна Альбертовна,+7(928)540-10-82,martinтатьянааль,debc1d5b2f95cbde80547cd555e0d48b8d87b6a9d9f7829ca9be6460c45a8f77a03bcadb152ad7e2f8f757e0651ecdc8702ec4df33fc46f2c92f37c9b0e0d679
Johnson Barbara Георгиевна,+7(948)143-13-95,johnsonbarbaraге,8a0335222bafbd4b38b3c70d788490645efced68b22590382a1f186083c45ba5e1705b84fc42c49336b9abaec16282987c4e0c8a9d2818f80a7a6ba11388043a
Franklin Mckenzie Святославовна,+7(917)243-92-49,franklinmckenzie,2f258ba715bbac1f3eed0f2e85b73a13d15d4ac4579fa7824320c580697ba1f66afb0e6f2396d28b983c580c5c04038842ea3f80e62e62582bda2f9d1b7c3389
Жданова Jessica Владиславовна,+7(979)550-65-94,ждановаjessicaвл,63e33f8bad4dac466fbb1e79967bd3612dd844a7b238c8c7f5436f1ceaec82af9205c8294220fee0851df9e20d81163f7e336af6d08e344e21a600f29e73a33a
Hooper Jennifer Кузьминична,+7(928)518-47-79,hooperjenniferку,033e2b2e4d051d910c32464c528dc1f75543de88a55fe417477c221e2397b0af183eea7f03a9e8514bca964c8740966dfde017d307ac25c65058424e803a7834
Lori Huber,+44 58 3022 4882,lorihuber,da33a529001a0a0969e3f87bedd1d04f4ea4eee0f73938ed6ef0058a9a3bc2ad5bebdaa6d317aada4e42a9edb505a027366ba1d0e028977b83f90c58cafc24a3
Scott Galvan,+44 47 7875 9835,scottgalvan,eee681749d14b46fffb297ed72f47ba443855b4a8c1017de0bf28de85f67bfe1cf21e8fe699bae6a79ccf31fc01b6c69e7b7ef85595f8429abbb26fdb1b1b954
Ильина Вероника Леоновна,+7(947)688-23-28,ильинавероникале,278bcc336ff6a4f36d780b077c9e48832d301c19a2b11933349d6134ef15d36e002c059eda5f48da04b5278772ca7d7d1b8495215efddeb8a1c7be23416ab8d2
Фадеева Валерия Филипповна,+7(990)765-53-40,фадеевавалерияфи,f1b43356064c64e651ab9efdd6c3e3c38bbffd0d6523481ed55053c736a47cecd9fe3a6945954573081b1a30ad2e9b9804f982c46a64091da356952b0de0606e
Waters Jackie Наумовна,+7(905)757-13-38,watersjackieнаум,0f7b515f9100e2a37be8be6124aa6be4063e1052789d1387f4ff1edcd1da05df7537d5e2e655c13b25aaa3c5bb3a6621e88915de7eb5284d8ad4bcdaa2be690f
Алексей Федосеевич Белов,+44 65 6461 6037,алексейфедосееви,115217d14790891a5461b4b6da0b9e426088a69dc44c2dd2c31000f7f6d0909c76d69c865835b8d4fe72db911a6db443902138a557cabee1b72d27d52767ec34
Селезнева Анжела Тимофеевна,+7(963)429-29-82,селезневаанжелат,512fa79ecae810924eba2a5b065d10ea01f7255df9f8395fc56fdd8fc8a986017b028e205c084603a0c2775e3f5eda2312a95c064eee2bfa83dca05350a8b6c6
Ryan Carroll,+44 48 2741 5756,ryancarroll,5ad150a94b03c619e67a3d63a4294a5710b1050ecee69f52f39514138c0dddcaa3d842b28c25e4fa338323cec80d2f18350aa65d3bfc68eceee81749567ec029
Pierce Kim Наумовна,+7(911)243-70-95,piercekimнаумовн,6fac8617f1c1b159e531041080a03235ea6676e3e0a2bdb43e167c12edf6098a8f473d7c7bf125e72d1cddd4eccc4838cd51c592ed02010a52f193783ec36c5e
Compton Emily Тимуровна,+7(948)973-63-18,comptonemilyтиму,f766dcaa005066c46a37336b61df1113a974c0a7095c2b7b1bafd9030b13c7c6ef6cbd4cf69e9ba9b65a6a8ef26b8457e9c9b8c17b814223cbcd52ccfbb0f233
Weeks Кира Мироновна,+7(986)235-83-42,weeksкирамиронов,cfcce0bf54fe48923625113b6ad682f5042796a5883990964fab7a5dc846d179482bb221f723291a7aab4e809ca4683537a122df2961b7f482de18096f2cae85
Nelson Варвара Архиповна,+7(945)935-92-26,nelsonварвараарх,5a45eb2c49e068399ba8c2b401eb5f98b2324fadb01d00a6c3476466a335bb6e5eaa5f5ac591ddb7a6936432feb1f841802937445316ed9cb8c6949848bd00ac
Гущина Katherine Геннадиевна,+7(966)483-48-38,гущинаkatherineг,983836b2a43b37ac4753732adccdef55d6042c0a34f5f86df6c5f1507e2f5b15a281a247bd82255716a79d4a3ca971a18e12cbde9262b4afb52cb8a7f8471f9f
Robinson Ирина Натановна,+7(904)216-74-11,robinsonиринанат,c59f45f8723469137788a540f0877708b94ad00e98ff1b924863d75578fff734fb56bacbc4273380f01eb621712bfdb403b4ccfd4eecd4717f3ab73e2ee7834d
Ермакова Екатерина Александровна,+7(901)577-93-79,ермаковаекатерин,e2308cbef692062285517710451bc3fcd613e644705e95ac135614c3e826182508852134c39dd48a78909a3b8d4944f9b23381c15d048432aeb839bfe6bd8212
Карпова Cindy Альбертовна,+7(908)668-46-23,карповаcindyальб,04c243c4b26f5d3e048de7c76585b29498b1ef61c9ae4481bfdb65b8c120d9fa6c226f8ebb27d070c25d608314008fa4da44965a1521a80d9b0380f86fd76cb4
Игнатова Laura Ефимовна,+7(900)537-93-68,игнатоваlauraефи,6de84f5b449dc20385e852e54944fdae5d799bf7686641a0c2874a2922ed89bd8b0d59e7933d7c96c118e238be08bb453d34ebcadabca777969d7ef61b8372aa
Данилова Ксения Рудольфовна,+44 31 5400 3335,даниловаксенияру,35189ba3e0e30c8d1911b5d0daf9a2c687a3257f28a5d4f410d142f96720e6db370354e738327f75f90cc520f5ed687e7849fe38caea9619bff872f5693e11ae
Меркушев Мартьян Эдгардович,+44 78 4657 6880,меркушевмартьянэ,c390d3c7aacb071d7d35eb9e9a9c9e6c9c0d59355c9bf01e6ae48267d96f325ca0a620e48817a7fff3ec6af44bb54047f570b774504879b65ac34730a0f6619c
Галкина Алла Натановна,+7(963)367-92-95,галкинаалланатан,d5350ffa28e7414787d4b8be908133ad2e821f2c1fa86a03838d06cd3f37be2d353c0d6d9d5860f42fae4330d840be737266aaeb5c1d69dadf35f2fe1a722601
Селезнева Jennifer Рубеновна,+7(967)107-59-40,селезневаjennife,3827b0736637baa588617e18a025996ee2df1f6597689cab78e0a6d4087813851c5f9d17692f7296756e5b067bca8db12c488b521eafa4dd81afef8ce1615826
Иванова Лариса Викторовна,+7(982)980-81-30,ivanovalar,e90901a8e9ab0aaad99cbf489540e331dcfe97e6f9fd7d4679270d4681d659f44cca2aae1e796c3704b29680cf73e841db73aac51d845766d66f1b35975a5369
Richmond Алевтина Геннадьевна,+7(909)452-64-59,richmondалевтина,e2ac8d8452a6660dd6c6d4a0ca8c8ed118015a1c9d20acb46357eea7d00336cb4dcfb6f32f225dd13dff4be5b47732079f9922a1d21bc9e4cb80660472cc4526
Пахомова Раиса Станиславовна,+44 71 9703 9441,пахомовараисаста,3ed05fdcd8cfdc8b88659db0fd18030466f1deb72ac9d7f7d1de8984db73f2f7446ec08ffec5ef57b4f7fb2ad7bb08fb5d592fbcb93599bb2600ccfac1c43d4e
Тамара Болеславовна Сазонова,+44 47 2195 7784,тамараболеславов,cc47ad8fd03339695052379182654cb97b001c362577f864f0f7c44b42896f24b4eb993b73c9eede4c7ecee039282f4b9ddb1fb9d34e2e912ef78d6c9019f42b
Воронова Иванна Артемовна,+7(950)149-18-73,вороноваиваннаар,c69039a50e7bbd7cbb93b2d3074c086b7ee48e5e5df76f244face7239d34562a82ca94ffd7cb15615242bddad87fe35e2318a8fe9e885153f5b2ff5d711933a3
Аксенова Эмилия Игоревна,+7(916)437-41-94,аксеноваэмилияиг,dfe56a13303e1019e3e095026f76b1f857a0312fda25c6861b4a73088522facc8d228618a14784ae23a149373572875b908c749b083e12e746289ba54f7ed67a
Силина Amy Валериевна,+7(947)378-28-94,силинаamyвалерие,b777cec3b94a315ba5c87ad746a69d96c6ac16ea430b9d7fc79449cf9448a851f81a7483fd37b9f1e6e9289c5a58bb2d54f233baa62c6a01e1f4a2bc1e9543df
Селезнева Нинель Кирилловна,+7(960)850-80-26,селезневанинельк,647642d9a94a3fac294af27dab33ccc7c0e31b71c3b3820ea96706c5e9373b9d482b1c34d0751bc0ca1d2c94ee5db0b6462673d1e5ca2078a15283863f41d0ad
Sara Fernandez,+44 24 8724 2642,sarafernandez,a674711ac5b3fef5c214bfd3ea0e4234a6a076c883697ff8b0fe3402c4a036ee6e9e55d1254d91ed625d6c3baa98de94ddce551c1892764f2d36a61a142bcf90
